[
   {
      "name":"Baïkal",
      "description":"Baïkal is a Cal and CardDAV server that includes an",
      "image":"images/Project.png",
      "link":"https://google.com"
   },
   {
      "name":"bitwarden",
      "description":"The easiest and safest way for individuals, teams, and",
      "image":"images/Project.png",
      "link":"https://google.com"
   },
   {
      "name":"deepstream",
      "description":"a fast, secure and scalable realtime server for mobile",
      "image":"images/Project.png",
      "link":"https://google.com"
   },
   {
      "name":"DokuWiki",
      "description":"DokuWiki is a wiki software.",
      "image":"images/Project.png",
      "link":"https://google.com"
   },
   {
      "name":"ELK",
      "description":"Reliably and securely take data from any s",
      "image":"images/Project.png",
      "link":"https://google.com"
   },
   {
      "name":"Etherpad",
      "description":"highly customizable online editor providing",
      "image":"images/Project.png",
      "link":"https://google.com"
   },
   {
      "name":"FilePizza",
      "description":"P2P file transfers in your browser, we neve",
      "image":"images/Project.png",
      "link":"https://google.com"
   },
   {
      "name":"GitLab",
      "description":"GitLab is the leading integrated product fo",
      "image":"images/Project.png",
      "link":"https://google.com"
   },
   {
      "name":"Grafana",
      "description":"Data visualization & Monitoring with support",
      "image":"images/Project.png",
      "link":"https://google.com"
   },
   {
      "name":"GraphQL",
      "description":"GraphQL is a query language for APIs and a runtim",
      "image":"images/Project.png",
      "link":"https://google.com"
   },
   {
      "name":"Graylog",
      "description":"Graylog is an open source log management platform.",
      "image":"images/Project.png",
      "link":"https://google.com"
   },
   {
      "name":"Huginn",
      "description":"Create agents that monitor and act on your beha",
      "image":"images/Project.png",
      "link":"https://google.com"
   },
   {
      "name":"KanBoard",
      "description":"Kanboard is a Kanban project management software.",
      "image":"images/Project.png",
      "link":"https://google.com"
   },
   {
      "name":"Lychee",
      "description":"Self-hosted photo-management done right",
      "image":"images/Project.png",
      "link":"https://google.com"
   },
   {
      "name":"Mattermost",
      "description":"Workplace messaging for web, PCs and pho.",
      "image":"images/Project.png",
      "link":"https://google.com"
   },
   {
      "name":"MediaWiki",
      "description":"MediaWiki is a wiki software.",
      "image":"images/Project.png",
      "link":"https://google.com"
   },
   {
      "name":"Memcached",
      "description":"Memcached is an in-memory key-value sto.",
      "image":"images/Project.png",
      "link":"https://google.com"
   },
   {
      "name":"Miniflux",
      "description":"Miniflux is a minimalist RSS reader.",
      "image":"images/Project.png",
      "link":"https://google.com"
   }
]